{
    "title": "Recommendations using specific types of embedding",
    "y-axis": "Score",
    "embeddings":
    [
        "baseline",
        "text plain average",
        "image",
        "concatenated"
    ],
    "submissions":
    [
        {
            "label": 104,
            "scores":
            [
                0.025080605661718477,
                0.0029882516573240753,
                0.002358322486182535,
                0.0019900410717648186
            ]
        },
        {
            "label": 105,
            "scores":
            [
                0.02087,
                0.00247,
                0.00175,
                0.00174
            ]
        }
    ]
}